--------------------------------------------------------
-- Archivo creado  - viernes-agosto-07-2020   
--------------------------------------------------------
REM INSERTING into EVALUACIONFINAL.USUARIO
SET DEFINE OFF;
Insert into EVALUACIONFINAL.USUARIO (ID_USUARIO,USUARIO,CONTRASENA,FECHA_REGISTRO,NOMBRE) values ('39','11.111.111-1','$2a$10$Amm/lChFPFnOk.rc7lfvN.9lgF3kvVsIEzK8Eiw/aE72VSUb5BjBC',to_date('06/08/20','DD/MM/RR'),'Mc''Donalds');
Insert into EVALUACIONFINAL.USUARIO (ID_USUARIO,USUARIO,CONTRASENA,FECHA_REGISTRO,NOMBRE) values ('1','9999-k','$2a$10$DhWx9AYmZmoiYeQpnBcDNe8MXd4XQel7eSS7ugqXQQChLRweOYHae',to_date('28/07/20','DD/MM/RR'),'Adalid S.A');
Insert into EVALUACIONFINAL.USUARIO (ID_USUARIO,USUARIO,CONTRASENA,FECHA_REGISTRO,NOMBRE) values ('2','8888-k','$2a$10$oVB44N2cJItC0r3z6EEjVOd.uO9IGeldCMRTWfm9iciNmLUk8n01W',to_date('28/07/20','DD/MM/RR'),'Juan Pérez');
Insert into EVALUACIONFINAL.USUARIO (ID_USUARIO,USUARIO,CONTRASENA,FECHA_REGISTRO,NOMBRE) values ('3','admin1','$2a$10$7rWg.6Tk2QzKi23AM5pRQed2R1vnTBDGfHrMWEoBB9Rdkz1EoPNWi',to_date('28/07/20','DD/MM/RR'),'Admin 1');
Insert into EVALUACIONFINAL.USUARIO (ID_USUARIO,USUARIO,CONTRASENA,FECHA_REGISTRO,NOMBRE) values ('4','7777-k','$2a$10$WacB9zwDxDrxo2buLAYOO.luDkl8L56.t3fydklJJ4C3zCT2EKJ6i',to_date('29/07/20','DD/MM/RR'),'Natura S.A');
REM INSERTING into EVALUACIONFINAL.PROFESIONAL
SET DEFINE OFF;
Insert into EVALUACIONFINAL.PROFESIONAL (ID_PROFESIONAL,RUT_PROFESIONAL,DIRECCION_PROFESIONAL,EMAIL_PROFESIONAL,TELEFONO_PROFESIONAL,PROFESION,FECHA_NACIMIENTO,ESTADO,ID_USUARIO) values ('1','8888-k','Calle Las Aralias 1234, Maipú, RM','juan.perez@nmd.cl','912345678','Psicólogo',to_date('12/12/80','DD/MM/RR'),'Vigente','2');
REM INSERTING into EVALUACIONFINAL.CLIENTE
SET DEFINE OFF;
Insert into EVALUACIONFINAL.CLIENTE (ID_CLIENTE,RUT,DIRECCION,REPRESENTANTE_LEGAL,DELEGADO,EMAIL_DELEGADO,TELEFONO,RUBRO,MUTUALIDAD,NUMERO_EMPLEADOS,PLAN_BASE_UF,ESTADO,MOROSIDAD,ID_USUARIO) values ('14','11.111.111-1','Avenida 10 de Julio, Santiago, Chile','Periquito ','Periquito Muñoz','periquito@rosen.cl','6546464','Fast Food','ACHS, Asociación Chilena de Seguridad','1000','1','Vigente','F','39');
Insert into EVALUACIONFINAL.CLIENTE (ID_CLIENTE,RUT,DIRECCION,REPRESENTANTE_LEGAL,DELEGADO,EMAIL_DELEGADO,TELEFONO,RUBRO,MUTUALIDAD,NUMERO_EMPLEADOS,PLAN_BASE_UF,ESTADO,MOROSIDAD,ID_USUARIO) values ('1','9999-k','Av. Santa María 200, Providencia, RM','Brian Guzmán','Jacob Vega','jacob.vega@adalid.cl','2212345678','Educación, OTEC','ACHS, Asociación Chilena de Seguridad','50','1','Vigente','F','1');
Insert into EVALUACIONFINAL.CLIENTE (ID_CLIENTE,RUT,DIRECCION,REPRESENTANTE_LEGAL,DELEGADO,EMAIL_DELEGADO,TELEFONO,RUBRO,MUTUALIDAD,NUMERO_EMPLEADOS,PLAN_BASE_UF,ESTADO,MOROSIDAD,ID_USUARIO) values ('2','7777-k','Av. El Rodeo 2020, Las Condes, RM','Juliana Errázuriz','María Delgado Rubio','maria.delgado@natura.com','227654786','Retail','ACHS, Asociación Chilena de Seguridad','100','1','Sin contrato',null,'4');
REM INSERTING into EVALUACIONFINAL.PERFIL_USUARIO
SET DEFINE OFF;
Insert into EVALUACIONFINAL.PERFIL_USUARIO (ID_PERFIL_USUARIO,ROL,ID_USUARIO) values ('1','ROLE_CLIENTE','1');
Insert into EVALUACIONFINAL.PERFIL_USUARIO (ID_PERFIL_USUARIO,ROL,ID_USUARIO) values ('2','ROLE_PROFESIONAL','2');
Insert into EVALUACIONFINAL.PERFIL_USUARIO (ID_PERFIL_USUARIO,ROL,ID_USUARIO) values ('3','ROLE_ADMIN','3');
Insert into EVALUACIONFINAL.PERFIL_USUARIO (ID_PERFIL_USUARIO,ROL,ID_USUARIO) values ('4','ROLE_CLIENTE','4');
Insert into EVALUACIONFINAL.PERFIL_USUARIO (ID_PERFIL_USUARIO,ROL,ID_USUARIO) values ('31','ROLE_CLIENTE','39');
